mae,top_k,explanation_time,size,mmd,explainer,strategy,method,data_modification_method,kernel,g,num_bins,target_size,compression_time,unique_samples
0.008011673923364205,0.570751953125,25215.408743858337,16,0.07831773044121854,shapiq,kernel,arfpy,none,Not needed,Not needed,Not needed,16,93.46410775184631,1
0.006040679738537047,0.691259765625,48895.31813168526,32,0.024422790778894254,shapiq,kernel,arfpy,none,Not needed,Not needed,Not needed,32,118.06615209579468,1
0.005683438675557205,0.682177734375,96095.28219413757,64,0.014002760063915487,shapiq,kernel,arfpy,none,Not needed,Not needed,Not needed,64,117.57329320907593,1
0.004860562688102769,0.741162109375,190307.73523020744,128,0.006693813163242912,shapiq,kernel,arfpy,none,Not needed,Not needed,Not needed,128,140.7009732723236,1
0.004352746820185678,0.7645507812500001,392681.99084711075,256,0.004608232904689646,shapiq,kernel,arfpy,none,Not needed,Not needed,Not needed,256,143.66560196876526,1
