mae,top_k,explanation_time,size,mmd,explainer,strategy,method,data_modification_method,kernel,g,num_bins,target_size,compression_time,unique_samples
0.007873920611277245,0.60615234375,28500.087503671646,16,0.04291826024665657,shapiq,kernel,arfpy,none,Not needed,Not needed,Not needed,16,153.63471364974976,1
0.00642989148551706,0.6668457031249999,56133.86281442642,32,0.02909965993784458,shapiq,kernel,arfpy,none,Not needed,Not needed,Not needed,32,129.50534415245056,1
0.005849836646137059,0.669189453125,110511.84203529358,64,0.013551896524702067,shapiq,kernel,arfpy,none,Not needed,Not needed,Not needed,64,102.42515063285828,1
0.004962160709361507,0.7447753906250001,219813.7127301693,128,0.008584654022033344,shapiq,kernel,arfpy,none,Not needed,Not needed,Not needed,128,102.15518879890442,1
0.004489700183039435,0.75654296875,432384.2920906544,256,0.002735235950035886,shapiq,kernel,arfpy,none,Not needed,Not needed,Not needed,256,102.12431740760803,1
