mae,top_k,explanation_time,size,mmd,explainer,strategy,method,data_modification_method,kernel,g,num_bins,target_size,compression_time,unique_samples
0.007981956364917837,0.606005859375,28597.872396230698,16,0.05611946759209502,shapiq,kernel,arfpy,none,Not needed,Not needed,Not needed,16,128.97767043113708,1
0.006060410101914559,0.6903320312500001,55969.83230423927,32,0.03574823830981527,shapiq,kernel,arfpy,none,Not needed,Not needed,Not needed,32,129.0729422569275,1
0.005589241050366504,0.6910156249999999,111093.54776787758,64,0.012248353745781593,shapiq,kernel,arfpy,none,Not needed,Not needed,Not needed,64,180.6453835964203,1
0.004785242956280559,0.735546875,221170.499686718,128,0.007912699988116112,shapiq,kernel,arfpy,none,Not needed,Not needed,Not needed,128,103.50978446006775,1
0.004345808650829943,0.76494140625,431702.67577290535,256,0.00547408680217687,shapiq,kernel,arfpy,none,Not needed,Not needed,Not needed,256,154.81906867027283,1
