mae,top_k,explanation_time,size,mmd,explainer,strategy,method,data_modification_method,kernel,g,num_bins,target_size,compression_time,unique_samples
0.008702625571243634,0.5259765625,27320.564096927643,16,0.06541080256820325,shapiq,kernel,arfpy,none,Not needed,Not needed,Not needed,16,93.81578779220581,1
0.0066290499063123625,0.6436523437499999,53402.574986219406,32,0.03108796938602698,shapiq,kernel,arfpy,none,Not needed,Not needed,Not needed,32,94.99513339996338,1
0.0055543721205578486,0.691259765625,107327.63770961761,64,0.016193788496644268,shapiq,kernel,arfpy,none,Not needed,Not needed,Not needed,64,146.36293864250183,1
0.004702456260416046,0.74169921875,213008.71545815468,128,0.009119647510114293,shapiq,kernel,arfpy,none,Not needed,Not needed,Not needed,128,97.39532732963562,1
0.004746171119343791,0.743408203125,429310.3861479759,256,0.004546836390061315,shapiq,kernel,arfpy,none,Not needed,Not needed,Not needed,256,118.41057062149048,1
