mae,top_k,explanation_time,size,mmd,explainer,strategy,method,data_modification_method,kernel,g,num_bins,target_size,compression_time,unique_samples
0.007985743930466352,0.5885253906250001,26771.052653312683,16,0.045192302048109145,shapiq,kernel,arfpy,none,Not needed,Not needed,Not needed,16,94.85100317001343,1
0.006489702237677979,0.660107421875,52457.209547281265,32,0.022833144436145147,shapiq,kernel,arfpy,none,Not needed,Not needed,Not needed,32,72.25674438476562,1
0.005108438149616493,0.7269531250000001,105933.59002327919,64,0.010549502787685905,shapiq,kernel,arfpy,none,Not needed,Not needed,Not needed,64,97.36280822753906,1
0.004933235139296792,0.7285644531250001,209791.11610889435,128,0.008422220664334068,shapiq,kernel,arfpy,none,Not needed,Not needed,Not needed,128,122.57650876045227,1
0.004378543014167534,0.7529296875,420743.5169303417,256,0.003997287828069462,shapiq,kernel,arfpy,none,Not needed,Not needed,Not needed,256,98.41001749038696,1
