mae,top_k,explanation_time,size,mmd,explainer,strategy,method,data_modification_method,kernel,g,num_bins,target_size,compression_time,unique_samples
0.007611582206498424,0.585986328125,28375.9027261734,16,0.04501930395651477,shapiq,kernel,arfpy,none,Not needed,Not needed,Not needed,16,127.36927127838135,1
0.006841380969274936,0.625244140625,54980.948702812195,32,0.02983729213235925,shapiq,kernel,arfpy,none,Not needed,Not needed,Not needed,32,127.56078147888184,1
0.005480479997288745,0.7207519531250001,110053.05277228355,64,0.014695056884614977,shapiq,kernel,arfpy,none,Not needed,Not needed,Not needed,64,127.14356303215027,1
0.004831417407891537,0.736181640625,219393.66244244576,128,0.0060560340159004356,shapiq,kernel,arfpy,none,Not needed,Not needed,Not needed,128,126.82369208335876,1
0.004285034675867382,0.7686523437500001,434996.96552562714,256,0.003685604079873006,shapiq,kernel,arfpy,none,Not needed,Not needed,Not needed,256,101.18407225608826,1
