mae,top_k,explanation_time,size,mmd,explainer,strategy,method,data_modification_method,kernel,g,num_bins,target_size,compression_time,unique_samples
0.008091378194274631,0.57421875,28765.202078580856,16,0.0400094270643655,shapiq,kernel,arfpy,none,Not needed,Not needed,Not needed,16,76.41633677482605,1
0.0065830126675567105,0.647705078125,55940.130969285965,32,0.029851403045539904,shapiq,kernel,arfpy,none,Not needed,Not needed,Not needed,32,129.36961936950684,1
0.005456096715482764,0.70146484375,111326.57823181152,64,0.009153263472725603,shapiq,kernel,arfpy,none,Not needed,Not needed,Not needed,64,154.06019353866577,1
0.004556987017001397,0.7525878906250001,222307.80405926704,128,0.006161239912613914,shapiq,kernel,arfpy,none,Not needed,Not needed,Not needed,128,103.51434183120728,1
0.004545250922218924,0.752294921875,444840.04506897926,256,0.005262532448831403,shapiq,kernel,arfpy,none,Not needed,Not needed,Not needed,256,128.71195220947266,1
