mae,top_k,explanation_time,size,mmd,explainer,strategy,method,data_modification_method,kernel,g,num_bins,target_size,compression_time,unique_samples
0.008073416633227757,0.5635742187499999,28809.473255634308,16,0.0658565613318296,shapiq,kernel,arfpy,none,Not needed,Not needed,Not needed,16,104.10551261901855,1
0.007140042463086218,0.628125,56012.078936338425,32,0.02505862622478705,shapiq,kernel,arfpy,none,Not needed,Not needed,Not needed,32,128.88533067703247,1
0.005353370828173164,0.710205078125,111766.09613084793,64,0.013610194368343431,shapiq,kernel,arfpy,none,Not needed,Not needed,Not needed,64,130.54282355308533,1
0.004841531774703538,0.73173828125,221488.29435300827,128,0.007077591739390543,shapiq,kernel,arfpy,none,Not needed,Not needed,Not needed,128,131.06931066513062,1
0.004402143829196848,0.765673828125,429067.41479229927,256,0.004084093112430021,shapiq,kernel,arfpy,none,Not needed,Not needed,Not needed,256,152.08627796173096,1
