mae,top_k,explanation_time,size,mmd,explainer,strategy,method,data_modification_method,kernel,g,num_bins,target_size,compression_time,unique_samples
0.007626934116883486,0.618798828125,28111.90009713173,16,0.04367232745282329,shapiq,kernel,arfpy,none,Not needed,Not needed,Not needed,16,135.64091682434082,1
0.006247543926835249,0.664990234375,54571.1538271904,32,0.017014468623512413,shapiq,kernel,arfpy,none,Not needed,Not needed,Not needed,32,136.0003318786621,1
0.005547224726455517,0.702978515625,108291.0658993721,64,0.015145334123411014,shapiq,kernel,arfpy,none,Not needed,Not needed,Not needed,64,107.62437200546265,1
0.004813025470306797,0.734423828125,219225.2682826519,128,0.007818147017045196,shapiq,kernel,arfpy,none,Not needed,Not needed,Not needed,128,108.24060153961182,1
0.004520001182772538,0.7520019531250001,440020.33184576035,256,0.0029021422326773183,shapiq,kernel,arfpy,none,Not needed,Not needed,Not needed,256,108.06942248344421,1
