mae,top_k,explanation_time,size,mmd,explainer,strategy,method,data_modification_method,kernel,g,num_bins,target_size,compression_time,unique_samples
0.007766244622770518,0.61298828125,28668.63247036934,16,0.052025199376335096,shapiq,kernel,arfpy,none,Not needed,Not needed,Not needed,16,132.37528800964355,1
0.006343985902107186,0.6680664062499999,56238.61406636238,32,0.029154668241606452,shapiq,kernel,arfpy,none,Not needed,Not needed,Not needed,32,132.47367548942566,1
0.005168405132225302,0.7225097656250001,110457.19284033775,64,0.014657581957360888,shapiq,kernel,arfpy,none,Not needed,Not needed,Not needed,64,131.87856531143188,1
0.005282935064684728,0.721435546875,220002.97869825363,128,0.006036925285194339,shapiq,kernel,arfpy,none,Not needed,Not needed,Not needed,128,132.4939923286438,1
0.004560167826409032,0.769580078125,427828.8187904358,256,0.0033386588830026653,shapiq,kernel,arfpy,none,Not needed,Not needed,Not needed,256,105.6207070350647,1
