mae,top_k,explanation_time,size,mmd,explainer,strategy,method,data_modification_method,kernel,g,num_bins,target_size,compression_time,unique_samples
0.006961261663931877,0.674267578125,25642.339465141296,16,0.04233655926061419,shapiq,kernel,stein_thinning,none,Not needed,Not needed,Not needed,16,0.03301358222961426,16
0.005349323730586899,0.7322265625,51175.179629802704,32,0.023107123894188786,shapiq,kernel,stein_thinning,none,Not needed,Not needed,Not needed,32,0.06788921356201172,32
0.004196634845452463,0.8068847656250001,100118.95327138901,64,0.013463953765071424,shapiq,kernel,stein_thinning,none,Not needed,Not needed,Not needed,64,0.2216789722442627,64
0.003624210190357238,0.8358398437500001,193218.72875714302,128,0.006743928230383833,shapiq,kernel,stein_thinning,none,Not needed,Not needed,Not needed,128,0.23637771606445312,128
0.003245231957059569,0.8572265625000001,383201.8967330456,256,0.004155035502159898,shapiq,kernel,stein_thinning,none,Not needed,Not needed,Not needed,256,0.5340752601623535,256
