mae,top_k,explanation_time,size,mmd,explainer,strategy,method,data_modification_method,kernel,g,num_bins,target_size,compression_time,unique_samples
0.006957287252935032,0.67470703125,29278.126446723938,16,0.04233655926061419,shapiq,kernel,stein_thinning,none,Not needed,Not needed,Not needed,16,0.06117367744445801,16
0.0053502194675442835,0.7361328125000001,56952.59877347946,32,0.023107123894188786,shapiq,kernel,stein_thinning,none,Not needed,Not needed,Not needed,32,0.07213091850280762,32
0.004203314719723195,0.809033203125,112634.74487137794,64,0.013463953765071424,shapiq,kernel,stein_thinning,none,Not needed,Not needed,Not needed,64,0.1321706771850586,64
0.0036227730909561585,0.8347656250000001,222345.68743157387,128,0.006743928230383833,shapiq,kernel,stein_thinning,none,Not needed,Not needed,Not needed,128,0.2602992057800293,128
0.003244601385652909,0.859423828125,441167.3405275345,256,0.004155035502159898,shapiq,kernel,stein_thinning,none,Not needed,Not needed,Not needed,256,0.4950284957885742,256
