mae,top_k,explanation_time,size,mmd,explainer,strategy,method,data_modification_method,kernel,g,num_bins,target_size,compression_time,unique_samples
0.006956709515495607,0.67626953125,25759.267394781113,16,0.04233655926061419,shapiq,kernel,stein_thinning,none,Not needed,Not needed,Not needed,16,0.03214764595031738,16
0.005345131375886506,0.7329589843750001,50350.68162608147,32,0.023107123894188786,shapiq,kernel,stein_thinning,none,Not needed,Not needed,Not needed,32,0.06042957305908203,32
0.004206214461046503,0.808837890625,97816.56304192543,64,0.013463953765071424,shapiq,kernel,stein_thinning,none,Not needed,Not needed,Not needed,64,0.12492036819458008,64
0.0036315512514298195,0.8365722656250001,194115.05521965027,128,0.006743928230383833,shapiq,kernel,stein_thinning,none,Not needed,Not needed,Not needed,128,0.2282555103302002,128
0.0032456060635703645,0.857666015625,386115.82350850105,256,0.004155035502159898,shapiq,kernel,stein_thinning,none,Not needed,Not needed,Not needed,256,0.42981791496276855,256
