mae,top_k,explanation_time,size,mmd,explainer,strategy,method,data_modification_method,kernel,g,num_bins,target_size,compression_time,unique_samples
0.006955840716528176,0.677099609375,28259.74818754196,16,0.04233655926061419,shapiq,kernel,stein_thinning,none,Not needed,Not needed,Not needed,16,0.040069580078125,16
0.005354510439351047,0.733984375,55842.94259119034,32,0.023107123894188786,shapiq,kernel,stein_thinning,none,Not needed,Not needed,Not needed,32,0.1424543857574463,32
0.0042051578925970685,0.8086425781250001,112142.57595539093,64,0.013463953765071424,shapiq,kernel,stein_thinning,none,Not needed,Not needed,Not needed,64,0.14714813232421875,64
0.0036221080441830316,0.8352539062500002,221279.79700899124,128,0.006743928230383833,shapiq,kernel,stein_thinning,none,Not needed,Not needed,Not needed,128,0.28725337982177734,128
0.0032404805284593848,0.8586425781250001,442841.6562793255,256,0.004155035502159898,shapiq,kernel,stein_thinning,none,Not needed,Not needed,Not needed,256,0.7712600231170654,256
