mae,top_k,explanation_time,size,mmd,explainer,strategy,method,data_modification_method,kernel,g,num_bins,target_size,compression_time,unique_samples
0.0069478342021154224,0.675439453125,27444.74128842354,16,0.04233655926061419,shapiq,kernel,stein_thinning,none,Not needed,Not needed,Not needed,16,0.03447294235229492,16
0.0053507901252519965,0.735888671875,53164.48804306984,32,0.023107123894188786,shapiq,kernel,stein_thinning,none,Not needed,Not needed,Not needed,32,0.06635832786560059,32
0.004203355904741039,0.8062500000000001,103937.39427495003,64,0.013463953765071424,shapiq,kernel,stein_thinning,none,Not needed,Not needed,Not needed,64,0.1264050006866455,64
0.003624318919154426,0.8348632812500001,206260.95551276207,128,0.006743928230383833,shapiq,kernel,stein_thinning,none,Not needed,Not needed,Not needed,128,0.26724672317504883,128
0.0032455913045985746,0.858740234375,406206.84242224693,256,0.004155035502159898,shapiq,kernel,stein_thinning,none,Not needed,Not needed,Not needed,256,0.5326745510101318,256
