mae,top_k,explanation_time,size,mmd,explainer,strategy,method,data_modification_method,kernel,g,num_bins,target_size,compression_time,unique_samples
0.0069640245373684805,0.673876953125,28882.519591331482,16,0.04233655926061419,shapiq,kernel,stein_thinning,none,Not needed,Not needed,Not needed,16,0.0334172248840332,16
0.005350356965253002,0.7324707031250001,56391.36922764778,32,0.023107123894188786,shapiq,kernel,stein_thinning,none,Not needed,Not needed,Not needed,32,0.06581568717956543,32
0.0042023969344269,0.8071777343750001,111248.81924915314,64,0.013463953765071424,shapiq,kernel,stein_thinning,none,Not needed,Not needed,Not needed,64,0.12419676780700684,64
0.0036249482837885753,0.8357910156250001,219976.2975783348,128,0.006743928230383833,shapiq,kernel,stein_thinning,none,Not needed,Not needed,Not needed,128,0.26119017601013184,128
0.0032495101887463273,0.8572265625000001,437886.11872291565,256,0.004155035502159898,shapiq,kernel,stein_thinning,none,Not needed,Not needed,Not needed,256,0.45778751373291016,256
