mae,top_k,explanation_time,size,mmd,explainer,strategy,method,data_modification_method,kernel,g,num_bins,target_size,compression_time,unique_samples
0.006951393720946076,0.6739257812499999,29092.680386543274,16,0.04233655926061419,shapiq,kernel,stein_thinning,none,Not needed,Not needed,Not needed,16,0.03355884552001953,16
0.005360023586327058,0.7352050781250001,56638.52378845215,32,0.023107123894188786,shapiq,kernel,stein_thinning,none,Not needed,Not needed,Not needed,32,0.06599164009094238,32
0.004203193374515013,0.8062011718750001,111780.73897314072,64,0.013463953765071424,shapiq,kernel,stein_thinning,none,Not needed,Not needed,Not needed,64,0.12622809410095215,64
0.0036318749027217496,0.8364257812500001,221321.3413233757,128,0.006743928230383833,shapiq,kernel,stein_thinning,none,Not needed,Not needed,Not needed,128,0.26099324226379395,128
0.0032449966336232233,0.8562500000000001,441877.40442943573,256,0.004155035502159898,shapiq,kernel,stein_thinning,none,Not needed,Not needed,Not needed,256,0.5996897220611572,256
