mae,top_k,explanation_time,size,mmd,explainer,strategy,method,data_modification_method,kernel,g,num_bins,target_size,compression_time,unique_samples
0.006950624036084606,0.6734375,27596.005294322968,16,0.04233655926061419,shapiq,kernel,stein_thinning,none,Not needed,Not needed,Not needed,16,0.0411829948425293,16
0.005344769204996944,0.734326171875,53232.233414173126,32,0.023107123894188786,shapiq,kernel,stein_thinning,none,Not needed,Not needed,Not needed,32,0.07041096687316895,32
0.004200649010390524,0.8069335937500001,103702.10383486748,64,0.013463953765071424,shapiq,kernel,stein_thinning,none,Not needed,Not needed,Not needed,64,0.13510370254516602,64
0.003622803944790986,0.8352050781250001,204015.11459636688,128,0.006743928230383833,shapiq,kernel,stein_thinning,none,Not needed,Not needed,Not needed,128,0.36429524421691895,128
0.0032458575177931326,0.8586914062500001,406839.8034102917,256,0.004155035502159898,shapiq,kernel,stein_thinning,none,Not needed,Not needed,Not needed,256,0.5905930995941162,256
