mae,top_k,explanation_time,size,mmd,explainer,strategy,method,data_modification_method,kernel,g,num_bins,target_size,compression_time,unique_samples
0.006959525797875943,0.6759765625,26650.54120182991,16,0.04233655926061419,shapiq,kernel,stein_thinning,none,Not needed,Not needed,Not needed,16,0.03923845291137695,16
0.005358644728248988,0.732861328125,51821.68300533295,32,0.023107123894188786,shapiq,kernel,stein_thinning,none,Not needed,Not needed,Not needed,32,0.07329654693603516,32
0.00420495726872257,0.8079101562500001,103422.49921345711,64,0.013463953765071424,shapiq,kernel,stein_thinning,none,Not needed,Not needed,Not needed,64,0.15661931037902832,64
0.0036265731352836655,0.8339355468750002,202537.25694799423,128,0.006743928230383833,shapiq,kernel,stein_thinning,none,Not needed,Not needed,Not needed,128,0.41786837577819824,128
0.0032447350774418727,0.8577636718750001,402394.1577744484,256,0.004155035502159898,shapiq,kernel,stein_thinning,none,Not needed,Not needed,Not needed,256,0.5541970729827881,256
